{
	"info": {
		"_postman_id": "92cf04f7-8e74-4316-ab5f-cedabc5bbb59",
		"name": "Senior Project",
		"schema": "https://schema.getpostman.com/json/collection/v2.1.0/collection.json",
		"_exporter_id": "21387435",
		"_collection_link": "https://restless-escape-887344.postman.co/workspace/IVAO~647496b9-909f-428a-94d6-9aba23c430d4/collection/21387435-92cf04f7-8e74-4316-ab5f-cedabc5bbb59?action=share&source=collection_link&creator=21387435"
	},
	"item": [
		{
			"name": "Moodle",
			"item": []
		},
		{
			"name": "Auth",
			"item": [
				{
					"name": "Register",
					"request": {
						"method": "POST",
						"header": [],
						"body": {
							"mode": "raw",
							"raw": "{\r\n\"first_name\":\"Ahmad\",\r\n\"last_name\":\"Dayeh\",\r\n\"email\":\"jnet230@gmail.com\",\r\n\"password\":\"123\",\r\n\"role\":\"student\"\r\n}",
							"options": {
								"raw": {
									"language": "json"
								}
							}
						},
						"url": {
							"raw": "{{baseUrl}}/auth/register",
							"host": [
								"{{baseUrl}}"
							],
							"path": [
								"auth",
								"register"
							]
						}
					},
					"response": []
				},
				{
					"name": "Login",
					"request": {
						"method": "POST",
						"header": [],
						"body": {
							"mode": "raw",
							"raw": "{\r\n\"email\":\"jnet230@gmail.com\",\r\n\"password\":\"123\"\r\n}",
							"options": {
								"raw": {
									"language": "json"
								}
							}
						},
						"url": {
							"raw": "{{baseUrl}}/auth/login",
							"host": [
								"{{baseUrl}}"
							],
							"path": [
								"auth",
								"login"
							]
						}
					},
					"response": []
				}
			]
		},
		{
			"name": "Users",
			"item": [
				{
					"name": "Me",
					"request": {
						"auth": {
							"type": "bearer",
							"bearer": [
								{
									"key": "token",
									"value": "eyJhbGciOiJIUzI1NiIsInR5cCI6IkpXVCJ9.eyJpZCI6MiwiaWF0IjoxNzM2NDU0MDM5LCJleHAiOjE3MzY1NDA0Mzl9.rWOUVudIyAR17BuCLl7j_q85vpBI_YqbkA3mMInHP_4",
									"type": "string"
								}
							]
						},
						"method": "GET",
						"header": [
							{
								"key": "Auth",
								"value": "",
								"type": "text"
							}
						],
						"url": {
							"raw": "{{baseUrl}}/users/me",
							"host": [
								"{{baseUrl}}"
							],
							"path": [
								"users",
								"me"
							]
						}
					},
					"response": []
				}
			]
		},
		{
			"name": "Courses",
			"item": [
				{
					"name": "Get User Courses",
					"protocolProfileBehavior": {
						"disableBodyPruning": true
					},
					"request": {
						"method": "GET",
						"header": [],
						"body": {
							"mode": "formdata",
							"formdata": [
								{
									"key": "user_id",
									"value": "2",
									"type": "text"
								}
							]
						},
						"url": {
							"raw": "{{baseUrl}}/courses?id=3",
							"host": [
								"{{baseUrl}}"
							],
							"path": [
								"courses"
							],
							"query": [
								{
									"key": "id",
									"value": "3"
								}
							]
						}
					},
					"response": []
				},
				{
					"name": "Get All Courses",
					"protocolProfileBehavior": {
						"disableBodyPruning": true
					},
					"request": {
						"method": "GET",
						"header": [],
						"body": {
							"mode": "formdata",
							"formdata": [
								{
									"key": "user_id",
									"value": "2",
									"type": "text"
								}
							]
						},
						"url": {
							"raw": "{{baseUrl}}/courses",
							"host": [
								"{{baseUrl}}"
							],
							"path": [
								"courses"
							]
						}
					},
					"response": []
				}
			]
		},
		{
			"name": "Attendance Sessions",
			"item": [
				{
					"name": "Create Session",
					"request": {
						"method": "POST",
						"header": [],
						"body": {
							"mode": "raw",
							"raw": "{\r\n  \"schedule_id\": \"1\",\r\n  \"date\": \"2024-12-20T15:30:00Z\",\r\n  \"active\": true\r\n}\r\n",
							"options": {
								"raw": {
									"language": "json"
								}
							}
						},
						"url": {
							"raw": "{{baseUrl}}/attendance-sessions",
							"host": [
								"{{baseUrl}}"
							],
							"path": [
								"attendance-sessions"
							]
						}
					},
					"response": []
				},
				{
					"name": "Update Session",
					"request": {
						"method": "PUT",
						"header": [],
						"body": {
							"mode": "raw",
							"raw": "{\r\n    \"active\":false\r\n}",
							"options": {
								"raw": {
									"language": "json"
								}
							}
						},
						"url": {
							"raw": "{{baseUrl}}/attendance-sessions/3",
							"host": [
								"{{baseUrl}}"
							],
							"path": [
								"attendance-sessions",
								"3"
							]
						}
					},
					"response": []
				},
				{
					"name": "Get Attendance Sessions",
					"request": {
						"method": "GET",
						"header": [],
						"url": {
							"raw": "{{baseUrl}}/attendance-sessions/1",
							"host": [
								"{{baseUrl}}"
							],
							"path": [
								"attendance-sessions",
								"1"
							]
						}
					},
					"response": []
				}
			]
		},
		{
			"name": "Attendance",
			"item": [
				{
					"name": "Get Attendance by Session",
					"request": {
						"method": "GET",
						"header": [],
						"url": {
							"raw": "{{baseUrl}}/attendance/4",
							"host": [
								"{{baseUrl}}"
							],
							"path": [
								"attendance",
								"4"
							]
						}
					},
					"response": []
				},
				{
					"name": "Modify Attendance",
					"request": {
						"method": "PUT",
						"header": [],
						"body": {
							"mode": "raw",
							"raw": "{\r\n  \"user_id\": 1,\r\n  \"session_id\": 4,\r\n  \"attendance_status\": 2\r\n}\r\n",
							"options": {
								"raw": {
									"language": "json"
								}
							}
						},
						"url": {
							"raw": "{{baseUrl}}/attendance",
							"host": [
								"{{baseUrl}}"
							],
							"path": [
								"attendance"
							]
						}
					},
					"response": []
				}
			]
		}
	],
	"variable": [
		{
			"key": "baseUrl",
			"value": "",
			"type": "default"
		}
	]
}